Plant,Care,Cultivation
Rice,Rice needs regular watering and occasional pruning.,"To cultivate Rice, plant it in well-drained soil and ensure full sunlight exposure."
Quinoa,Quinoa needs regular watering and occasional pruning.,"To cultivate Quinoa, plant it in well-drained soil and ensure full sunlight exposure."
Chili,Chili needs regular watering and occasional pruning.,"To cultivate Chili, plant it in well-drained soil and ensure full sunlight exposure."
Kiwi,Kiwi needs regular watering and occasional pruning.,"To cultivate Kiwi, plant it in well-drained soil and ensure full sunlight exposure."
Lettuce,Lettuce needs regular watering and occasional pruning.,"To cultivate Lettuce, plant it in well-drained soil and ensure full sunlight exposure."
Peach,Peach needs regular watering and occasional pruning.,"To cultivate Peach, plant it in well-drained soil and ensure full sunlight exposure."
Pomegranate,Pomegranate needs regular watering and occasional pruning.,"To cultivate Pomegranate, plant it in well-drained soil and ensure full sunlight exposure."
Hibiscus,Hibiscus needs regular watering and occasional pruning.,"To cultivate Hibiscus, plant it in well-drained soil and ensure full sunlight exposure."
Apple,Apple needs regular watering and occasional pruning.,"To cultivate Apple, plant it in well-drained soil and ensure full sunlight exposure."
Sesame,Sesame needs regular watering and occasional pruning.,"To cultivate Sesame, plant it in well-drained soil and ensure full sunlight exposure."
Potato,Potato needs regular watering and occasional pruning.,"To cultivate Potato, plant it in well-drained soil and ensure full sunlight exposure."
Strawberry,Strawberry needs regular watering and occasional pruning.,"To cultivate Strawberry, plant it in well-drained soil and ensure full sunlight exposure."
Parsley,Parsley needs regular watering and occasional pruning.,"To cultivate Parsley, plant it in well-drained soil and ensure full sunlight exposure."
Tobacco,Tobacco needs regular watering and occasional pruning.,"To cultivate Tobacco, plant it in well-drained soil and ensure full sunlight exposure."
Sorghum,Sorghum needs regular watering and occasional pruning.,"To cultivate Sorghum, plant it in well-drained soil and ensure full sunlight exposure."
Sage,Sage needs regular watering and occasional pruning.,"To cultivate Sage, plant it in well-drained soil and ensure full sunlight exposure."
Pigeon pea,Pigeon pea needs regular watering and occasional pruning.,"To cultivate Pigeon pea, plant it in well-drained soil and ensure full sunlight exposure."
Rosemary,Rosemary needs regular watering and occasional pruning.,"To cultivate Rosemary, plant it in well-drained soil and ensure full sunlight exposure."
Fern,Fern needs regular watering and occasional pruning.,"To cultivate Fern, plant it in well-drained soil and ensure full sunlight exposure."
Peas,Peas needs regular watering and occasional pruning.,"To cultivate Peas, plant it in well-drained soil and ensure full sunlight exposure."
Brinjal,Brinjal needs regular watering and occasional pruning.,"To cultivate Brinjal, plant it in well-drained soil and ensure full sunlight exposure."
Plum,Plum needs regular watering and occasional pruning.,"To cultivate Plum, plant it in well-drained soil and ensure full sunlight exposure."
Beetroot,Beetroot needs regular watering and occasional pruning.,"To cultivate Beetroot, plant it in well-drained soil and ensure full sunlight exposure."
Mung bean,Mung bean needs regular watering and occasional pruning.,"To cultivate Mung bean, plant it in well-drained soil and ensure full sunlight exposure."
Wheat,Wheat needs regular watering and occasional pruning.,"To cultivate Wheat, plant it in well-drained soil and ensure full sunlight exposure."
Thyme,Thyme needs regular watering and occasional pruning.,"To cultivate Thyme, plant it in well-drained soil and ensure full sunlight exposure."
Garlic,Garlic needs regular watering and occasional pruning.,"To cultivate Garlic, plant it in well-drained soil and ensure full sunlight exposure."
Pepper,Pepper needs regular watering and occasional pruning.,"To cultivate Pepper, plant it in well-drained soil and ensure full sunlight exposure."
Hazelnut,Hazelnut needs regular watering and occasional pruning.,"To cultivate Hazelnut, plant it in well-drained soil and ensure full sunlight exposure."
Aloe Vera,Aloe Vera needs regular watering and occasional pruning.,"To cultivate Aloe Vera, plant it in well-drained soil and ensure full sunlight exposure."
Rye,Rye needs regular watering and occasional pruning.,"To cultivate Rye, plant it in well-drained soil and ensure full sunlight exposure."
Guava,Guava needs regular watering and occasional pruning.,"To cultivate Guava, plant it in well-drained soil and ensure full sunlight exposure."
Papaya,Papaya needs regular watering and occasional pruning.,"To cultivate Papaya, plant it in well-drained soil and ensure full sunlight exposure."
Chestnut,Chestnut needs regular watering and occasional pruning.,"To cultivate Chestnut, plant it in well-drained soil and ensure full sunlight exposure."
Peanut,Peanut needs regular watering and occasional pruning.,"To cultivate Peanut, plant it in well-drained soil and ensure full sunlight exposure."
Soybean,Soybean needs regular watering and occasional pruning.,"To cultivate Soybean, plant it in well-drained soil and ensure full sunlight exposure."
Flax,Flax needs regular watering and occasional pruning.,"To cultivate Flax, plant it in well-drained soil and ensure full sunlight exposure."
Coriander,Coriander needs regular watering and occasional pruning.,"To cultivate Coriander, plant it in well-drained soil and ensure full sunlight exposure."
Sunflower,Sunflower needs regular watering and occasional pruning.,"To cultivate Sunflower, plant it in well-drained soil and ensure full sunlight exposure."
Zucchini,Zucchini needs regular watering and occasional pruning.,"To cultivate Zucchini, plant it in well-drained soil and ensure full sunlight exposure."
Onion,Onion needs regular watering and occasional pruning.,"To cultivate Onion, plant it in well-drained soil and ensure full sunlight exposure."
Cactus,Cactus needs regular watering and occasional pruning.,"To cultivate Cactus, plant it in well-drained soil and ensure full sunlight exposure."
Watermelon,Watermelon needs regular watering and occasional pruning.,"To cultivate Watermelon, plant it in well-drained soil and ensure full sunlight exposure."
Lime,Lime needs regular watering and occasional pruning.,"To cultivate Lime, plant it in well-drained soil and ensure full sunlight exposure."
Cucumber,Cucumber needs regular watering and occasional pruning.,"To cultivate Cucumber, plant it in well-drained soil and ensure full sunlight exposure."
Tangerine,Tangerine needs regular watering and occasional pruning.,"To cultivate Tangerine, plant it in well-drained soil and ensure full sunlight exposure."
Basil,Basil needs regular watering and occasional pruning.,"To cultivate Basil, plant it in well-drained soil and ensure full sunlight exposure."
Amaranth,Amaranth needs regular watering and occasional pruning.,"To cultivate Amaranth, plant it in well-drained soil and ensure full sunlight exposure."
Blueberry,Blueberry needs regular watering and occasional pruning.,"To cultivate Blueberry, plant it in well-drained soil and ensure full sunlight exposure."
Oats,Oats needs regular watering and occasional pruning.,"To cultivate Oats, plant it in well-drained soil and ensure full sunlight exposure."
Millet,Millet needs regular watering and occasional pruning.,"To cultivate Millet, plant it in well-drained soil and ensure full sunlight exposure."
Sugarcane,Sugarcane needs regular watering and occasional pruning.,"To cultivate Sugarcane, plant it in well-drained soil and ensure full sunlight exposure."
Fig,Fig needs regular watering and occasional pruning.,"To cultivate Fig, plant it in well-drained soil and ensure full sunlight exposure."
Neem,Neem needs regular watering and occasional pruning.,"To cultivate Neem, plant it in well-drained soil and ensure full sunlight exposure."
Broccoli,Broccoli needs regular watering and occasional pruning.,"To cultivate Broccoli, plant it in well-drained soil and ensure full sunlight exposure."
Rubber,Rubber needs regular watering and occasional pruning.,"To cultivate Rubber, plant it in well-drained soil and ensure full sunlight exposure."
Walnut,Walnut needs regular watering and occasional pruning.,"To cultivate Walnut, plant it in well-drained soil and ensure full sunlight exposure."
Orange,Orange needs regular watering and occasional pruning.,"To cultivate Orange, plant it in well-drained soil and ensure full sunlight exposure."
Tea,Tea needs regular watering and occasional pruning.,"To cultivate Tea, plant it in well-drained soil and ensure full sunlight exposure."
Tomato,Tomato needs regular watering and occasional pruning.,"To cultivate Tomato, plant it in well-drained soil and ensure full sunlight exposure."
Black bean,Black bean needs regular watering and occasional pruning.,"To cultivate Black bean, plant it in well-drained soil and ensure full sunlight exposure."
Kidney bean,Kidney bean needs regular watering and occasional pruning.,"To cultivate Kidney bean, plant it in well-drained soil and ensure full sunlight exposure."
Marigold,Marigold needs regular watering and occasional pruning.,"To cultivate Marigold, plant it in well-drained soil and ensure full sunlight exposure."
Coconut,Coconut needs regular watering and occasional pruning.,"To cultivate Coconut, plant it in well-drained soil and ensure full sunlight exposure."
Ivy,Ivy needs regular watering and occasional pruning.,"To cultivate Ivy, plant it in well-drained soil and ensure full sunlight exposure."
Spinach,Spinach needs regular watering and occasional pruning.,"To cultivate Spinach, plant it in well-drained soil and ensure full sunlight exposure."
Corn,Corn needs regular watering and occasional pruning.,"To cultivate Corn, plant it in well-drained soil and ensure full sunlight exposure."
Avocado,Avocado needs regular watering and occasional pruning.,"To cultivate Avocado, plant it in well-drained soil and ensure full sunlight exposure."
Apricot,Apricot needs regular watering and occasional pruning.,"To cultivate Apricot, plant it in well-drained soil and ensure full sunlight exposure."
Almond,Almond needs regular watering and occasional pruning.,"To cultivate Almond, plant it in well-drained soil and ensure full sunlight exposure."
Barley,Barley needs regular watering and occasional pruning.,"To cultivate Barley, plant it in well-drained soil and ensure full sunlight exposure."
Pear,Pear needs regular watering and occasional pruning.,"To cultivate Pear, plant it in well-drained soil and ensure full sunlight exposure."
Lemon,Lemon needs regular watering and occasional pruning.,"To cultivate Lemon, plant it in well-drained soil and ensure full sunlight exposure."
Mustard,Mustard needs regular watering and occasional pruning.,"To cultivate Mustard, plant it in well-drained soil and ensure full sunlight exposure."
Lentil,Lentil needs regular watering and occasional pruning.,"To cultivate Lentil, plant it in well-drained soil and ensure full sunlight exposure."
Bamboo,Bamboo needs regular watering and occasional pruning.,"To cultivate Bamboo, plant it in well-drained soil and ensure full sunlight exposure."
Tulsi,Tulsi needs regular watering and occasional pruning.,"To cultivate Tulsi, plant it in well-drained soil and ensure full sunlight exposure."
Coffee,Coffee needs regular watering and occasional pruning.,"To cultivate Coffee, plant it in well-drained soil and ensure full sunlight exposure."
Cotton,Cotton needs regular watering and occasional pruning.,"To cultivate Cotton, plant it in well-drained soil and ensure full sunlight exposure."
Green gram,Green gram needs regular watering and occasional pruning.,"To cultivate Green gram, plant it in well-drained soil and ensure full sunlight exposure."
Lavender,Lavender needs regular watering and occasional pruning.,"To cultivate Lavender, plant it in well-drained soil and ensure full sunlight exposure."
Cauliflower,Cauliflower needs regular watering and occasional pruning.,"To cultivate Cauliflower, plant it in well-drained soil and ensure full sunlight exposure."
Mint,Mint needs regular watering and occasional pruning.,"To cultivate Mint, plant it in well-drained soil and ensure full sunlight exposure."
Pumpkin,Pumpkin needs regular watering and occasional pruning.,"To cultivate Pumpkin, plant it in well-drained soil and ensure full sunlight exposure."
Cabbage,Cabbage needs regular watering and occasional pruning.,"To cultivate Cabbage, plant it in well-drained soil and ensure full sunlight exposure."
Cherry,Cherry needs regular watering and occasional pruning.,"To cultivate Cherry, plant it in well-drained soil and ensure full sunlight exposure."
Maize,Maize needs regular watering and occasional pruning.,"To cultivate Maize, plant it in well-drained soil and ensure full sunlight exposure."
Pineapple,Pineapple needs regular watering and occasional pruning.,"To cultivate Pineapple, plant it in well-drained soil and ensure full sunlight exposure."
Chamomile,Chamomile needs regular watering and occasional pruning.,"To cultivate Chamomile, plant it in well-drained soil and ensure full sunlight exposure."
Melon,Melon needs regular watering and occasional pruning.,"To cultivate Melon, plant it in well-drained soil and ensure full sunlight exposure."
Carrot,Carrot needs regular watering and occasional pruning.,"To cultivate Carrot, plant it in well-drained soil and ensure full sunlight exposure."
Jasmine,Jasmine needs regular watering and occasional pruning.,"To cultivate Jasmine, plant it in well-drained soil and ensure full sunlight exposure."
Grape,Grape needs regular watering and occasional pruning.,"To cultivate Grape, plant it in well-drained soil and ensure full sunlight exposure."
Jute,Jute needs regular watering and occasional pruning.,"To cultivate Jute, plant it in well-drained soil and ensure full sunlight exposure."
Mango,Mango needs regular watering and occasional pruning.,"To cultivate Mango, plant it in well-drained soil and ensure full sunlight exposure."
Oregano,Oregano needs regular watering and occasional pruning.,"To cultivate Oregano, plant it in well-drained soil and ensure full sunlight exposure."
Chickpea,Chickpea needs regular watering and occasional pruning.,"To cultivate Chickpea, plant it in well-drained soil and ensure full sunlight exposure."
Date,Date needs regular watering and occasional pruning.,"To cultivate Date, plant it in well-drained soil and ensure full sunlight exposure."
Cashew,Cashew needs regular watering and occasional pruning.,"To cultivate Cashew, plant it in well-drained soil and ensure full sunlight exposure."
Banana,Banana needs regular watering and occasional pruning.,"To cultivate Banana, plant it in well-drained soil and ensure full sunlight exposure."
